time;ax (m/s^2);ay (m/s^2);az (m/s^2);aT (m/s^2)
0,002026;-0,0822;-0,0617;-1,6326;1,636
0,002387;-0,162;-0,1048;-1,6544;1,666
0,002612;-0,2118;-0,1094;-1,6053;1,623
0,033025;-0,2791;-0,1096;-1,4279;1,459
0,033525;-0,3069;-0,1158;-1,0553;1,105
0,033672;-0,1763;-0,1054;-0,4875;0,529
0,033815;-0,0543;-0,1134;0,1227;0,176
0,033943;0,0264;-0,1409;0,5365;0,555
0,034065;0,0998;-0,1746;0,8884;0,911
0,034196;0,1799;-0,2009;1,1928;1,223
0,038253;0,2755;-0,2108;1,402;1,444
0,042834;0,2854;-0,176;1,5686;1,604
0,047416;0,2474;-0,1111;1,6639;1,686
0,052214;0,1184;-0,0307;1,6164;1,621
0,057201;-0,0441;-0,0257;1,4836;1,484
0,061744;-0,1921;-0,0092;1,2654;1,28
0,066561;-0,4262;-0,024;0,9619;1,052
0,070895;-0,6606;-0,0787;0,6542;0,933
0,075834;-0,862;-0,1441;0,4427;0,98
0,080499;-0,9586;-0,2246;0,2649;1,02
0,084643;-0,9549;-0,2862;0,0683;0,999
0,089817;-0,9221;-0,3381;-0,0993;0,987
0,094371;-0,8693;-0,3512;-0,2572;0,972
0,101593;-0,7965;-0,2916;-0,4054;0,94
0,103757;-0,7085;-0,2306;-0,4962;0,895
0,108445;-0,6292;-0,1058;-0,5727;0,857
0,112962;-0,5061;0,0495;-0,6398;0,817
0,11763;-0,4202;0,1731;-0,6832;0,821
0,122467;-0,3237;0,2462;-0,7123;0,82
0,127055;-0,2837;0,2924;-0,6557;0,772
0,131774;-0,2191;0,2878;-0,6423;0,737
0,136504;-0,2499;0,2894;-0,543;0,664
0,141338;-0,2473;0,2633;-0,3724;0,519
0,145835;-0,2263;0,2469;-0,1446;0,365
0,150456;-0,2304;0,206;0,121;0,332
0,155338;-0,2072;0,1636;0,3482;0,437
0,159668;-0,2571;0,2004;0,5228;0,616
0,164395;-0,2941;0,1676;0,5922;0,682
0,16934;-0,4091;0,1561;0,5806;0,727
0,173788;-0,5548;0,1609;0,5548;0,801
0,178635;-0,6979;0,1154;0,4766;0,853
0,183229;-0,8385;0,1442;0,3985;0,94
0,192718;-0,9623;0,1708;0,3206;1,029
0,193256;-1,1166;0,1478;0,2572;1,155
0,196945;-1,2677;0,1567;0,2369;1,299
0,202214;-1,3146;0,126;0,2072;1,337
0,206709;-1,3624;0,0944;0,2111;1,382
0,211192;-1,3535;0,081;0,2342;1,376
0,216234;-1,2687;0,0763;0,2621;1,298
0,220609;-1,1458;0,0279;0,228;1,169
0,225218;-1,0749;-0,0114;0,1942;1,092
0,229991;-0,9695;-0,0318;0,1463;0,981
0,234404;-0,8578;-0,0235;0,1225;0,867
0,239394;-0,7491;-0,0437;0,099;0,757
0,243595;-0,6431;-0,0395;0,0948;0,651
0,248488;-0,5541;-0,0303;0,0717;0,56
0,253349;-0,4821;-0,03;0,025;0,484
0,257934;-0,4178;-0,0292;-0,0408;0,421
0,263586;-0,3902;-0,0085;-0,0825;0,399
0,267189;-0,3233;-0,0063;-0,1242;0,346
0,271852;-0,3178;-0,0084;-0,1515;0,352
0,276573;-0,3983;-0,0532;-0,1596;0,432
0,281195;-0,5381;0,0118;-0,1345;0,555
0,285979;-0,7862;0,0282;-0,0714;0,79
0,290818;-0,9507;-0,0848;-0,2571;0,989
0,295228;-0,9877;-0,2068;-0,4763;1,116
0,302593;-1,1696;-0,2656;-0,6908;1,384
0,306325;-1,2143;-0,2562;-0,9483;1,562
0,309268;-1,2562;-0,2407;-1,0674;1,666
0,313784;-1,2951;-0,171;-1,1055;1,711
0,318201;-1,2783;-0,1142;-1,0197;1,639
0,323213;-1,273;-0,0606;-0,8915;1,555
0,328006;-1,2549;-0,0534;-0,8068;1,493
0,333184;-1,1516;-0,083;-0,7799;1,393
0,337487;-0,8717;-0,111;-0,6719;1,106
0,342013;-0,5583;-0,171;-0,4496;0,737
0,346768;-0,2925;-0,2203;-0,1512;0,396
0,351286;-0,0502;-0,3314;0,2999;0,45
0,356078;0,04;-0,4331;0,7076;0,831
0,360643;-0,0114;-0,5456;0,9479;1,094
0,365421;-0,0884;-0,6644;0,9973;1,202
0,369978;-0,2381;-0,7655;0,8943;1,201
0,374445;-0,4221;-0,8152;0,7345;1,176
0,379995;-0,6076;-0,8174;0,5179;1,143
0,384098;-0,7856;-0,8001;0,2635;1,152
0,388799;-0,9801;-0,7339;0,0332;1,225
0,393293;-1,0572;-0,6613;-0,173;1,259
0,398004;-1,1502;-0,5915;-0,422;1,36
0,402648;-1,1631;-0,452;-0,6519;1,408
0,407395;-1,2099;-0,3095;-0,8482;1,51
0,412222;-1,2044;-0,1683;-1,0731;1,622
0,416737;-1,2045;-0,0949;-1,3364;1,802
0,421672;-1,264;-0,0027;-1,6474;2,076
0,426215;-1,2832;0,032;-1,9586;2,342
0,430936;-1,1767;0,0432;-2,2556;2,544
0,435459;-0,9552;0,0407;-2,4094;2,592
0,439804;-0,6578;-0,014;-2,3198;2,411
0,444805;-0,2138;-0,1072;-1,9439;1,959
0,44973;0,1555;-0,2683;-1,3013;1,338
0,454149;0,516;-0,4894;-0,5451;0,896
0,458998;0,8291;-0,7716;0,2244;1,155
0,463867;0,9475;-1,0257;0,8879;1,655
0,468383;0,988;-1,2243;1,2786;2,027
0,47301;0,8;-1,2587;1,5549;2,155
0,477845;0,5908;-1,0963;1,7315;2,133
0,482477;0,3276;-0,8576;1,8276;2,045
0,486926;-0,0187;-0,5235;1,8099;1,884
0,491897;-0,3631;-0,1755;1,6592;1,708
0,496882;-0,6927;0,1247;1,3563;1,528
0,501145;-0,8031;0,33;0,9203;1,265
0,510713;-0,8104;0,4316;0,4276;1,013
0,511563;-0,7398;0,4449;-0,0408;0,864
0,515203;-0,5685;0,3709;-0,4947;0,84
0,519541;-0,1591;0,2537;-0,8626;0,913
0,524427;0,2573;0,0176;-1,0588;1,09
0,529024;0,5121;-0,179;-1,1507;1,272
0,533588;0,6289;-0,3787;-1,215;1,42
0,538354;0,5413;-0,4717;-1,3376;1,518
0,54315;0,1387;-0,4609;-1,7762;1,84
0,547831;-0,2903;-0,4052;-2,7305;2,776
0,552597;-0,5807;-0,2608;-2,7807;2,853
0,556997;-1,1514;-0,2732;-2,4775;2,746
0,56173;-1,409;-0,3222;-2,6818;3,046
0,567498;-1,4578;-0,2834;-2,7951;3,165
0,571288;-1,4365;-0,2573;-2,6692;3,042
0,575819;-1,4068;-0,2821;-2,6341;3
0,581258;-1,22;-0,3672;-2,5891;2,886
0,585302;-0,9149;-0,3986;-2,3714;2,573
0,589961;-0,4967;-0,3868;-2,1533;2,243
0,594482;-0,1093;-0,3374;-1,8773;1,91
0,59968;0,267;-0,3182;-1,6005;1,654
0,60388;0,5235;-0,4013;-1,3469;1,5
0,611416;0,7092;-0,5868;-1,14;1,465
0,613619;0,8492;-0,6929;-0,9558;1,454
0,617939;1,0206;-0,7199;-0,7033;1,433
0,622361;1,2273;-0,5965;-0,3205;1,402
0,627967;1,4628;-0,3859;0,1876;1,524
0,631658;1,7067;-0,1128;0,682;1,841
0,636479;2,0452;0,1505;1,0242;2,292
0,640997;2,3509;0,3987;1,2049;2,672
0,645212;2,4316;0,7697;1,21;2,823
0,650508;1,3908;2,0887;1,0108;2,705
0,655408;1,0754;2,5414;1,6923;3,237
0,659881;1,3293;2,1853;2,1011;3,31
0,664749;1,8481;1,4031;3,04;3,824
0,669564;2,7772;0,1317;4,6844;5,447
0,673898;3,8762;-1,4852;5,7949;7,128
0,678275;3,9088;-2,3426;6,0615;7,583
0,683145;3,1156;-1,9687;5,8727;6,933
0,688384;1,8313;-0,9242;5,1815;5,573
0,692701;0,4372;0,249;4,5764;4,604
0,699712;-0,8544;1,454;4,0522;4,389
0,702114;-1,7995;2,3985;3,5316;4,633
0,709577;-1,9767;2,6996;3,2629;4,674
0,711395;-1,4317;2,2966;2,8633;3,94
0,715659;-0,603;1,3259;2,209;2,646
0,720444;0,0815;0,2206;1,406;1,425
0,725017;0,7064;-0,6826;0,6746;1,192
0,729917;1,2808;-1,2059;0,2685;1,78
0,734584;1,8289;-1,1869;0,1633;2,186
0,739166;2,1703;-0,8224;-0,0332;2,321
0,744078;2,1913;-0,1998;-0,2496;2,215
0,74871;2,1068;0,3739;-0,3902;2,175
0,753412;2,1016;0,864;-0,3262;2,296
0,758199;2,195;1,1552;-0,316;2,5
0,762955;2,4362;1,3003;-0,3787;2,787
0,767463;2,8406;1,2759;-0,5187;3,157
0,772491;3,1934;1,0589;-0,6736;3,431
0,776695;3,4172;0,8221;-0,7475;3,593
0,781543;3,4688;0,5421;-0,8551;3,614
0,786209;3,0967;0,1386;-0,8907;3,225
0,790747;2,4687;-0,7162;-0,859;2,71
0,79545;1,882;-1,6639;-0,8501;2,652
0,800454;1,5228;-1,6897;-1,4608;2,703
0,809658;1,3813;-0,6185;-2,5515;2,967
0,810081;1,1359;0,9514;-3,3044;3,621
0,813874;0,5794;2,195;-3,3572;4,053
0,818752;-0,0461;2,7028;-2,9693;4,016
0,823551;-0,3961;2,4397;-2,6436;3,619
0,828196;-0,3725;1,8209;-2,4182;3,05
0,83273;-0,2244;1,0472;-2,2596;2,501
0,837451;-0,0403;0,463;-2,0626;2,114
0,842017;0,0756;0,0873;-1,7124;1,716
0,847026;0,2775;0,0442;-1,3577;1,386
0,851655;0,4675;0,2276;-1,0271;1,151
0,856088;0,5782;0,5362;-0,716;1,065
0,860685;0,6398;0,8257;-0,5343;1,173
0,865977;0,7208;1,0381;-0,4629;1,346
0,869927;0,7844;1,1398;-0,3868;1,437
0,874255;0,8274;1,1354;-0,3921;1,459
0,8791;0,8594;1,097;-0,3496;1,437
0,883561;0,8758;1,058;-0,2976;1,405
0,888529;0,8278;1,0136;-0,2505;1,332
0,893666;0,6612;0,9728;-0,17;1,188
0,898681;0,3351;0,8575;0,0965;0,926
0,902811;-0,0023;0,7762;0,224;0,808
0,909028;0,0513;0,9734;-0,0264;0,975
0,912031;0,1256;1,1153;-0,1185;1,129
0,916625;-0,0573;1,015;0,2627;1,05
0,921935;-0,2844;0,8727;0,3089;0,968
0,926149;-0,5592;0,8321;0,2453;1,032
0,930753;-0,7459;0,8929;0,2825;1,197
0,935446;-0,7418;0,9786;0,344;1,275
0,940261;-0,6415;1,0794;0,4154;1,323
0,944702;-0,43;1,1146;0,3964;1,259
0,949409;-0,1265;1,0896;0,2251;1,12
0,954188;0,5838;1,1247;0,0163;1,267
0,958376;0,9741;1,1912;-0,1676;1,548
0,963644;0,9392;1,175;-0,2503;1,525
0,96801;0,9365;1,1831;-0,6334;1,636
0,97265;0,967;1,1668;-1,4839;2,121
0,977958;0,7648;1,2252;-2,376;2,781
0,982347;0,3101;1,4133;-3,0852;3,408
0,98693;-0,1557;1,6785;-3,5927;3,969
0,991407;-0,4422;2,02;-3,8129;4,337
0,996429;-0,5838;2,3212;-3,6267;4,345
1,001135;-0,5398;2,4515;-3,159;4,035
1,008911;-0,3622;2,3719;-2,6015;3,539
1,010161;-0,0179;2,1292;-1,9446;2,884
1,014797;0,296;1,8616;-1,3701;2,33
1,019638;0,5364;1,6688;-0,8874;1,965
1,024237;0,6848;1,5833;-0,4726;1,789
1,028962;0,7615;1,5994;-0,1589;1,779
1,033564;0,9014;1,6257;0,02;1,859
1,038575;1,0094;1,6236;0,1265;1,916
1,043197;1,1142;1,5646;0,2132;1,933
1,047129;1,2492;1,5056;0,476;2,013
1,052091;1,332;1,4223;0,7763;2,098
1,056787;1,3095;1,4337;0,8895;2,136
1,061594;1,139;1,4769;0,9974;2,115
1,066473;0,9452;1,5129;1,0858;2,088
1,070943;0,7613;1,522;1,1548;2,057
1,075772;0,5718;1,4511;1,1999;1,968
1,080319;0,4474;1,2857;1,2354;1,838
1,085088;0,301;1,0638;1,2712;1,685
1,089658;0,1504;0,857;1,293;1,559
1,094385;0,0807;0,6322;1,2771;1,427
1,09919;0,0864;0,3657;1,2331;1,289
1,103841;0,5669;0,0386;1,5148;1,618
1,109293;0,8748;-0,3577;1,3142;1,619
1,11324;1,3728;-0,6985;1,2388;1,977
1,11752;1,6545;-0,807;1,2646;2,233
1,12225;1,7118;-0,5593;1,229;2,18
1,1268;1,6374;0,4648;1,2466;2,11
1,131839;1,4949;1,9393;1,236;2,743
1,136489;1,678;3,0334;0,5137;3,504
1,141175;1,8718;3,4872;-0,7098;4,021
1,145986;1,9385;3,3137;-2,1568;4,403
1,150456;1,8271;2,8462;-3,493;4,862
1,155478;1,5543;2,4276;-5,054;5,818
1,159553;0,8612;2,0123;-6,1851;6,561
1,164425;-0,024;1,7499;-6,873;7,092
1,169328;-1,1808;1,6885;-7,0752;7,369
1,173838;-2,4671;1,7465;-6,8207;7,46
1,178588;-3,7812;1,9521;-6,0759;7,418
1,183293;-4,8742;1,9787;-5,0511;7,293
1,188746;-5,6356;1,9341;-3,8844;7,113
1,192449;-6,1116;1,7722;-2,5756;6,865
1,196975;-6,2569;1,4755;-1,3057;6,56
1,202104;-6,1601;1,122;-0,2753;6,267
1,207191;-5,8619;0,8048;0,5256;5,94
1,211238;-5,4323;0,6218;1,2933;5,619
1,217012;-4,7726;0,4415;2,0659;5,219
1,220569;-3,7304;-0,011;2,939;4,749
1,22521;-2,5449;-0,3981;3,788;4,581
1,230296;-1,5688;-0,66;4,5938;4,899
1,234486;-0,7477;-0,7988;5,2179;5,331
1,239276;0,2353;-0,9787;5,5268;5,618
1,244401;1,3273;-1,0379;5,5307;5,782
1,248579;2,2541;-0,9052;5,3401;5,867
1,253193;3,0375;-0,5662;4,8744;5,771
1,258065;3,7198;-0,1111;4,1249;5,556
1,262601;4,2943;0,3132;3,1404;5,329
1,267364;4,6997;0,6989;2,084;5,188
1,272194;4,7991;1,0914;0,9225;5,007
1,276514;4,6995;1,5794;-0,4064;4,974
1,281156;4,2682;2,238;-1,7789;5,137
1,286242;3,4656;3,052;-3,0859;5,554
1,290738;2,3201;4,0698;-4,343;6,388
1,295467;0,8469;5,2164;-5,7377;7,801
1,299892;-0,5471;6,0913;-7,1279;9,392
1,309553;-1,5472;6,2345;-8,3905;10,567
1,310349;-2,1041;5,4943;-9,3305;11,031
1,313889;-2,403;4,4345;-9,9058;11,116
1,318222;-2,5592;3,6899;-10,2171;11,16
1,323624;-2,8951;3,6559;-10,2264;11,239
1,32802;-3,3983;4,0634;-9,8239;11,161
1,332755;-4,0216;4,7012;-8,8808;10,823
1,337451;-4,6408;5,4434;-7,4404;10,321
1,342028;-5,0258;6,0585;-5,7609;9,755
1,347103;-4,9272;6,2621;-4,2483;9,03
1,351289;-4,3439;6,0189;-2,9639;7,993
1,355727;-3,189;5,2646;-1,7969;6,412
1,360821;-1,582;4,0983;-0,8468;4,474
1,365084;0,1269;2,7433;-0,1272;2,749
1,370178;1,3241;1,6956;0,4153;2,191
1,374678;2,0229;1,1157;0,8339;2,456
1,379415;2,2229;1,0778;1,153;2,726
1,384258;2,196;1,5458;1,3732;3,016
1,388927;2,109;2,2074;1,4899;3,397
1,393363;1,9854;2,8177;1,6658;3,828
1,398088;1,7804;3,3621;1,8147;4,215
1,402874;1,5209;3,7262;1,927;4,462
1,408145;1,3064;3,8867;1,8783;4,51
1,412212;1,1746;3,8397;1,6543;4,343
1,417828;1,0825;3,6296;1,3217;4,012
1,421626;0,9732;3,4486;0,871;3,688
1,426191;0,7568;3,3981;0,4074;3,505
1,430577;0,4299;3,5461;-0,0167;3,572
1,43551;0,0132;3,812;-0,4302;3,836
1,440025;-0,4207;4,1489;-0,9478;4,277
1,444332;-0,6901;4,4336;-1,4356;4,711
1,449478;-0,7915;4,6816;-1,9131;5,119
1,454191;-0,622;4,8081;-2,2897;5,362
1,458778;-0,1314;4,8472;-2,4558;5,435
1,463805;0,5509;4,8954;-2,5028;5,526
1,46824;1,2556;4,9148;-2,4453;5,631
1,472747;1,7802;4,8571;-2,3362;5,676
1,47785;2,1071;4,603;-2,4962;5,644
1,483408;1,9356;3,5134;-3,5806;5,377
1,48727;2,0292;3,0104;-4,2826;5,614
1,491566;2,0318;2,8422;-4,6739;5,835
1,498528;2,0232;3,0532;-4,3436;5,682
1,502112;1,7383;3,4181;-3,5364;5,216
1,507517;1,2515;3,7866;-2,4199;4,665
1,510221;0,7982;4,093;-1,1994;4,339
1,514622;0,582;4,3147;-0,0322;4,354
1,519734;0,6575;4,5336;1,1589;4,725
1,524066;1,015;4,6694;2,3214;5,313
1,528961;1,6246;4,8003;3,3169;6,057
1,533495;2,4655;4,8473;4,1164;6,821
1,538338;3,4598;4,733;4,7345;7,536
1,542922;4,315;4,5624;4,975;8,012
1,547745;4,8731;4,4372;4,7762;8,139
1,552172;5,086;4,4024;4,3008;7,984
1,556807;5,0586;4,4844;3,702;7,707
1,561733;4,8141;4,7143;2,9797;7,367
1,56677;4,2753;4,9367;2,1529;6,876
1,570938;3,5717;5,0255;1,3793;6,318
1,575548;2,8574;5,0692;0,6589;5,856
1,580309;2,1428;5,1083;0,1828;5,543
1,584985;1,4279;5,034;0,0272;5,233
1,589596;0,7834;4,9522;0,2727;5,021
1,59456;0,1656;4,8243;0,8137;4,895
1,599355;-0,4985;4,7016;1,6209;4,998
1,603364;-1,0849;4,6205;2,6797;5,45
1,608165;-1,5408;4,6072;4,0138;6,302
1,613399;-1,9329;4,6011;5,6518;7,54
1,618052;-2,2687;4,6662;7,2113;8,884
1,622421;-2,6536;4,7737;8,8986;10,441
1,627172;-3,4831;5,2765;11,3026;12,951
1,631884;-3,2525;5,7139;11,0244;12,836
1,636231;-2,6458;5,7099;10,782;12,484
1,641255;-2,9547;5,6971;10,7801;12,546
1,64582;-3,8836;5,8404;9,9907;12,207
1,650532;-5,1608;6,1516;9,0549;12,102
1,655857;-6,6308;6,5509;8,4746;12,598
1,659673;-7,8419;6,9391;8,1868;13,292
1,664377;-8,8535;7,3259;8,4347;14,255
1,669199;-9,93;7,7482;9,1697;15,58
1,673906;-10,3475;7,9232;9,9037;16,369
1,678166;-9,9573;7,8132;10,6122;16,517
1,682913;-9,1739;7,6205;11,3237;16,446
1,687512;-8,4858;7,4279;11,8472;16,357
1,692449;-8,0247;7,2368;12,3221;16,389
1,698715;-7,5484;6,8627;12,835;16,395
1,701847;-6,8032;6,2161;13,2673;16,154
1,708643;-6,0508;5,2035;13,4669;15,654
1,711137;-4,9695;3,98;13,4012;14,837
1,715791;-3,9162;2,743;13,0419;13,891
1,720257;-2,8955;1,4698;12,4899;12,905
1,725266;-2,0727;0,1618;11,4579;11,645
1,730454;-1,4178;-0,9595;10,0223;10,167
1,734574;-0,8923;-1,7301;8,3931;8,616
1,7392;-0,2868;-2,3931;6,7228;7,142
1,7442;0,3968;-2,8808;5,0969;5,868
1,748616;1,2481;-3,4275;3,3046;4,922
1,75308;2,0034;-4,0133;1,2123;4,647
1,757941;2,5853;-4,5846;-1,1371;5,385
1,762447;3,1791;-4,9298;-3,4425;6,801
1,766762;3,6835;-4,9053;-5,4601;8,212
1,772067;3,8246;-4,6112;-7,3051;9,447
1,776448;3,8829;-4,8026;-9,3075;11,17
1,78131;2,9785;-4,4855;-10,4867;11,788
1,786117;2,336;-3,8017;-10,809;11,694
1,790466;2,4444;-3,7427;-11,3601;12,208
1,795322;2,8538;-4,5418;-12,0877;13,224
1,800079;3,3704;-5,7198;-12,8676;14,479
1,809079;3,9979;-6,6884;-13,5897;15,665
1,809917;4,6926;-7,3666;-14,0914;16,579
1,813969;5,4143;-7,7364;-14,1675;17,026
1,81873;6,2854;-7,9661;-13,8042;17,132
1,823356;7,2521;-8,1673;-13,2746;17,19
1,828467;8,1462;-8,399;-12,5021;17,123
1,83244;8,7048;-8,6112;-11,5105;16,805
1,837114;8,6275;-8,7399;-10,572;16,205
1,841957;7,9966;-8,6639;-9,7293;15,286
1,846859;7,1426;-8,3956;-9,0397;14,255
1,85157;6,2996;-7,9611;-8,5081;13,246
1,856221;5,7018;-7,5193;-8,1396;12,462
1,861121;5,5405;-7,1336;-7,7716;11,916
1,865569;5,2205;-6,8934;-6,0701;10,565
1,870181;5,3242;-6,3031;-5,3301;9,823
1,874578;6,2629;-5,906;-6,2963;10,665
1,87887;7,0282;-5,6218;-6,9511;11,372
1,884199;7,8837;-5,0456;-7,3972;11,93
1,88956;8,7689;-4,2414;-7,9515;12,574
1,893478;9,3616;-3,3699;-8,4614;13,061
1,898119;9,4994;-2,7547;-8,7073;13,177
1,902721;9,4708;-2,5424;-8,5689;13,023
1,907633;9,3116;-2,823;-8,1651;12,702
1,91194;9,0995;-3,2377;-7,3234;12,121
1,917742;8,6215;-3,3916;-5,733;10,895
1,921452;7,9757;-3,4219;-3,4848;9,352
1,925731;7,5329;-3,4755;-1,0142;8,358
1,930836;7,4814;-3,5314;1,2389;8,365
1,935852;7,7308;-3,4246;3,2505;9,059
1,940188;7,8181;-3,1095;4,7434;9,659
1,944994;7,7672;-2,5592;5,9468;10,112
1,949487;7,72;-1,814;6,884;10,501
1,954338;7,5842;-1,0132;7,4492;10,679
1,958883;7,325;-0,3665;7,6237;10,579
1,963747;6,7208;0,128;7,1638;9,824
1,968275;5,8844;0,654;6,6345;8,892
1,972726;5,8128;1,3621;6,2225;8,623
1,977808;6,4596;2,2735;6,1145;9,181
1,982324;7,0571;3,1373;5,9189;9,73
1,986909;7,3981;3,8948;5,6274;10,078
1,991567;7,6203;4,7656;5,3899;10,48
1,996033;7,9044;5,7108;5,3036;11,101
2,000877;8,3734;6,6339;6,2065;12,355
2,008854;9,4855;7,4935;8,3716;14,704
2,010132;11,3907;7,9964;12,0139;18,385
2,014738;13,2106;8,033;17,0939;23,049
2,019482;14,4021;7,1432;22,1566;27,374
2,024423;14,1326;5,4612;26,3399;30,387
2,028949;12,5306;3,6716;29,3363;32,111
2,033563;10,0774;2,0103;31,0197;32,677
2,038686;7,2419;0,5275;31,4562;32,283
2,043023;4,349;-0,5679;30,756;31,067
2,047561;1,7534;-1,2237;29,04;29,119
2,052211;-0,5833;-1,425;26,6306;26,675
2,056875;-2,5025;-1,2226;23,7264;23,889
2,061633;-4,1313;-0,7854;20,44;20,868
2,066129;-5,5316;0,0424;17,0556;17,93
2,070661;-7,0403;1,0865;13,9238;15,64
2,075685;-8,8731;1,9237;10,9787;14,247
2,080422;-10,6514;2,2323;8,4458;13,776
2,085116;-12,1153;2,2345;6,6597;14,004
2,089678;-13,0709;2,1986;5,6195;14,397
2,094402;-13,271;2,3012;4,9554;14,352
2,099841;-12,779;2,4699;4,4078;13,742
2,103797;-11,7981;2,6563;3,9661;12,727
2,108534;-10,8028;2,9217;3,5328;11,735
2,113619;-10,2374;3,065;2,8763;11,067
2,117588;-9,6185;2,9907;2,0804;10,285
2,122554;-8,994;2,79;1,367;9,516
2,127236;-8,691;2,453;0,3227;9,036
2,131771;-8,8464;2,2285;-1,2833;9,213
2,136421;-9,1451;2,1357;-3,3216;9,961
2,141581;-9,6233;2,0984;-5,5377;11,299
2,145884;-10,4427;2,1077;-7,6384;13,109
2,150555;-11,6072;1,9443;-9,5216;15,138
2,155357;-11,5106;1,6939;-10,8939;15,939
2,159739;-11,6637;1,0439;-11,3674;16,32
2,16413;-17,5217;0,7926;-10,1346;20,257
2,16918;-20,3534;1,3564;-9,9847;22,711
2,173723;-21,0181;1,9878;-8,7896;22,869
2,178657;-22,1197;2,1327;-5,8599;22,982
2,183184;-22,6751;1,7348;-3,6707;23,036
2,188221;-21,9908;1,0641;-2,8119;22,195
2,192732;-20,9387;0,745;-1,9888;21,046
2,199263;-20,0988;0,8862;-1,5135;20,175
2,20205;-19,5115;1,4361;-1,8593;19,652
2,207712;-19,348;2,2641;-3,1345;19,731
2,211343;-19,3083;3,1885;-4,8346;20,158
2,216523;-19,328;4,128;-6,3834;20,769
2,220619;-19,4008;4,9951;-7,3636;21,344
2,225251;-19,8906;5,8964;-7,3068;21,995
2,230457;-20,6674;6,6305;-6,0902;22,543
2,234565;-20,9569;6,9372;-4,0828;22,45
2,239445;-20,7266;6,9238;-1,7633;21,924
2,243688;-20,365;6,8598;0,4048;21,493
2,248599;-20,3277;6,934;2,3652;21,608
2,253682;-20,3961;7,0153;4,3438;22,002
2,258213;-20,2468;7,2064;6,7189;22,517
2,262603;-19,7323;7,4515;9,3519;23,073
2,267275;-19,2066;7,8143;12,0233;23,969
2,272327;-18,9368;8,3641;14,5424;25,299
2,276695;-18,6023;9,258;16,5948;26,592
2,280825;-18,1787;10,3593;17,8329;27,492
2,286086;-17,6822;11,6669;18,4544;28,095
2,29177;-17,1683;12,7124;18,8622;28,498
2,29542;-16,2105;13,3707;19,8598;28,913
2,299697;-14,4584;13,1517;21,375;28,964
2,306755;-12,2976;12,2087;23,4547;29,162
2,309291;-9,9063;10,4923;25,7881;29,551
2,313909;-7,1121;8,2767;28,2368;30,272
2,318234;-4,03;5,6543;30,5579;31,337
2,322851;-1,0032;2,8328;32,1078;32,248
2,327891;1,5643;-0,0115;32,5202;32,558
2,333536;3,5032;-2,6088;31,5198;31,821
2,337346;5,0792;-4,8824;29,0023;29,846
2,341999;6,9085;-6,7677;25,2354;27,025
2,346921;9,4333;-8,1714;20,8103;24,266
2,3516;12,3597;-8,9815;16,1303;22,217
2,355969;15,4958;-9,3871;11,607;21,517
2,361092;18,7819;-9,7886;7,3309;22,412
2,366032;21,1392;-10,276;3,4783;23,76
2,369977;21,563;-10,7841;0,6235;24,117
2,374454;20,6594;-11,2694;-1,1126;23,56
2,379423;18,1756;-11,7482;-1,7839;21,715
2,384035;15,505;-12,5631;-1,8871;20,045
2,389084;12,7833;-13,9042;-1,86;18,979
2,393238;10,225;-15,5077;-1,8815;18,67
2,398156;7,9914;-16,962;-2,1636;18,875
2,402841;5,6794;-18,2191;-2,6651;19,269
2,408535;3,5314;-19,0403;-3,2495;19,636
2,412242;1,9603;-19,4021;-3,9583;19,899
2,417993;1,0583;-19,1175;-5,0966;19,813
2,421597;0,7577;-18,2324;-6,5496;19,388
2,426185;1,2663;-17,1256;-8,2364;19,045
2,43052;2,5833;-16,0781;-10,2247;19,228
2,435838;4,3754;-14,9875;-12,2571;19,85
2,439827;5,9479;-13,7272;-14,1094;20,564
2,445137;7,3184;-12,7724;-15,883;21,656
2,449515;8,1555;-12,315;-17,5452;22,935
2,454234;8,612;-12,2601;-18,8671;24,092
2,458974;9,2725;-12,4032;-19,7248;25,078
2,463796;10,033;-12,8848;-19,9845;25,808
2,468181;10,4214;-13,6516;-19,2872;25,826
2,472665;9,6703;-14,1143;-17,0766;24,173
2,477759;8,3681;-13,9023;-13,7482;21,268
2,482461;7,533;-13,6496;-10,2616;18,664
2,487002;7,0074;-13,579;-7,0263;16,818
2,491768;6,4653;-13,3196;-4,6765;15,527
2,498607;5,9774;-12,3798;-3,431;14,169
2,500983;5,575;-10,9592;-3,0503;12,668
2,507486;5,6952;-9,4643;-3,3293;11,537
2,510117;6,4711;-7,9753;-3,91;10,989
2,514615;7,7661;-6,5236;-4,5874;11,132
2,519954;9,0304;-5,2118;-5,338;11,713
2,524367;10,3051;-4,1513;-6,1668;12,707
2,52913;11,833;-3,3718;-6,8873;14,101
2,533662;13,6081;-2,7086;-6,9644;15,525
2,538609;15,3664;-2,1645;-6,743;16,92
2,54295;16,9931;-1,8192;-6,5342;18,297
2,547679;18,4119;-1,4842;-6,4291;19,558
2,552285;19,431;-1,1486;-6,3469;20,474
2,556837;19,8615;-0,8207;-6,3167;20,858
2,561361;20,0709;-0,5942;-6,5351;21,116
2,565979;20,4616;-0,3667;-6,6434;21,516
2,570837;21,0814;0,0971;-6,2878;21,999
2,575532;21,4704;0,6772;-5,239;22,111
2,580337;21,6229;1,1039;-3,2386;21,892
2,584723;21,7478;0,9981;-0,5348;21,777
2,589404;21,6397;0,5022;2,4429;21,783
2,594175;20,7723;-0,2417;5,71;21,544
2,598394;19,4459;-1,2194;8,9609;21,446
2,603423;18,412;-2,2634;11,9952;22,091
2,60837;17,8469;-3,0888;16,7347;24,66
2,612487;17,684;-3,7749;21,241;27,895
2,617686;17,5839;-4,4154;25,6903;31,443
2,62217;17,3686;-5,0564;29,9;34,946
2,62689;17,0781;-5,4332;33,5875;38,07
2,631508;16,4275;-5,7017;36,2937;40,244
2,636017;15,1091;-6,2511;38,0903;41,452
2,640746;13,3509;-7,125;38,5513;41,415
2,645622;11,0634;-7,9677;37,2328;39,651
2,650305;8,1234;-8,3742;34,509;36,428
2,655342;4,3026;-8,4942;30,8873;32,322
2,659735;0,1165;-8,5669;26,5313;27,88
2,664347;-3,9841;-8,645;21,7869;23,776
2,669388;-7,6503;-8,4042;16,876;20,346
2,674703;-10,7161;-7,66;11,9443;17,781
2,678094;-13,2344;-6,7874;7,0941;16,479
2,682885;-15,6329;-6,0214;2,6171;16,956
2,688185;-17,3993;-5,626;-1,2871;18,331
2,69258;-18,3743;-5,5036;-4,1089;19,616
2,6987;-18,8945;-5,4248;-5,5697;20,432
2,701893;-18,9909;-5,5055;-5,7729;20,598
2,706322;-18,786;-5,6095;-5,2278;20,291
2,710883;-18,6374;-5,6585;-4,3372;19,955
2,715612;-18,9324;-5,4783;-3,0581;19,945
2,720286;-19,0548;-5,0345;-1,1082;19,74
2,725085;-19,507;-4,5568;1,6221;20,098
2,730476;-20,355;-4,0921;4,0801;21,159
2,734608;-20,6078;-3,6486;5,6678;21,682
2,738995;-20,4951;-2,842;6,3858;21,654
2,743985;-20,7959;-1,5919;6,2296;21,767
2,749428;-21,5188;-0,366;5,3525;22,178
2,753072;-22,6397;0,5752;4,1329;23,021
2,757714;-23,8949;1,4302;2,9769;24,122
2,762706;-24,9162;2,2725;1,9415;25,095
2,767458;-25,5224;3,0602;1,4232;25,745
2,772216;-25,5467;3,7257;1,4405;25,857
2,776488;-25,0513;4,1334;2,1832;25,484
2,781298;-24,2209;4,2181;3,3479;24,812
2,786204;-23,1919;4,0244;4,3967;23,946
2,790421;-21,8995;3,8754;4,4916;22,689
2,795041;-20,3994;3,76;3,5802;21,05
2,799597;-18,9542;3,9549;1,688;19,436
2,80605;-18,0049;4,8636;-1,1677;18,687
2,809291;-17,7543;6,2209;-4,1422;19,263
2,813805;-17,8356;7,6333;-6,7982;20,557
2,818705;-17,9573;8,9418;-8,8629;21,931
2,823579;-18,5666;10,2737;-10,1275;23,512
2,828097;-19,6228;11,3352;-10,7272;25,072
2,832501;-21,546;11,8847;-10,423;26,723
2,837202;-24,3002;11,9717;-9,2231;28,616
2,842027;-27,4316;11,8347;-6,7471;30,628
2,846961;-30,6127;11,4524;-3,3558;32,857
2,851427;-33,0087;10,7558;0,3215;34,718
2,856047;-33,844;9,9809;4,2329;35,538
2,860868;-33,3441;9,4052;8,6258;35,703
2,865707;-32,0846;8,6701;13,0681;35,712
2,87025;-30,2905;7,7826;17,1091;35,648
2,874704;-28,4769;6,8322;20,5804;35,793
2,879199;-26,6491;6,0475;23,3344;35,934
2,884062;-24,8787;5,519;25,9468;36,368
2,888624;-23,4258;5,2042;27,975;36,857
2,893349;-21,9821;4,9994;28,9814;36,717
2,898195;-19,9155;4,8005;29,748;36,119
2,90294;-17,7034;4,7524;29,9272;35,095
2,907529;-15,479;4,475;29,4388;33,56
2,912019;-12,4442;3,7464;28,9292;31,714
2,916468;-8,5027;2,7308;28,7181;30,075
2,922294;-4,3489;1,3582;28,1929;28,559
2,926045;0,1526;-0,0818;26,908;26,909
2,930904;5,2092;-1,0791;25,1159;25,673
2,935691;10,0688;-2,2079;22,9057;25,118
2,940077;13,7578;-4,0688;19,5623;24,259
2,944815;16,6891;-6,2088;15,5752;23,657
2,949531;18,3367;-7,7171;11,7919;23,127
2,954092;19,3296;-8,8805;8,7867;23,015
2,958817;20,2496;-10,0975;7,2206;23,752
2,963618;21,4156;-11,4358;7,0725;25,287
2,96784;20,3265;-12,7381;8,582;25,477
2,988846;18,7802;-14,2759;10,6707;25,891
2,99008;15,9902;-15,8707;11,9019;25,48
2,990881;12,6136;-17,4328;12,196;24,734
2,991836;10,176;-19,0145;12,2087;24,782
2,992588;8,9448;-20,6287;12,2221;25,592
2,996047;8,2992;-22,2448;12,3469;26,761
3,000703;8,1493;-23,8984;12,4841;28,167
3,005351;8,5812;-25,3606;12,1001;29,38
3,009943;9,3608;-26,2532;10,8478;29,909
3,014556;10,4453;-26,2684;8,4802;29,513
3,019196;11,7599;-25,4504;4,9162;28,464
3,025337;13,0917;-23,9192;0,6523;27,275
3,02911;14,2407;-21,9854;-3,744;26,461
3,033251;15,1061;-19,8837;-7,8589;26,179
3,037978;15,8828;-17,6777;-11,3117;26,319
3,044154;16,2347;-15,7906;-13,903;26,574
3,047535;16,0457;-14,4506;-15,5143;26,589
3,052075;15,3378;-13,6099;-16,1268;26,087
3,057291;13,9203;-13,2804;-15,793;24,891
3,061816;11,8213;-13,0642;-14,8421;23,037
3,066121;9,8685;-12,6945;-12,991;20,671
3,070599;8,9337;-12,3217;-10,1095;18,271
3,076236;8,69;-12,2256;-6,6937;16,425
3,080324;8,2831;-12,1693;-3,2442;15,074
3,085038;7,8359;-11,9974;-0,0653;14,33
3,09017;7,849;-11,3999;2,4236;14,051
3,094415;8,3281;-10,3808;3,8648;13,858
3,098793;8,9904;-9,0701;4,1108;13,416
3,103662;9,6349;-7,5901;3,1238;12,657
3,108602;10,51;-5,9792;1,0906;12,141
3,112944;11,6777;-4,2695;-1,63;12,54
3,11752;12,9477;-2,7361;-4,5221;13,985
3,122338;13,9436;-1,3906;-7,2711;15,787
3,126435;14,6109;-0,198;-9,4525;17,403
3,131817;15,1066;0,7312;-10,6757;18,513
3,136466;15,8272;1,313;-10,7605;19,184
3,141137;16,7046;1,49;-9,8325;19,441
3,146317;17,5464;1,5573;-8,414;19,522
3,150381;18,1682;1,407;-6,9307;19,496
3,154965;18,6117;1,1993;-5,5068;19,446
3,159881;18,4555;0,9269;-4,3042;18,973
3,164567;17,6015;0,8846;-3,2459;17,92
3,169084;16,3139;0,9655;-2,1157;16,479
3,173754;15,1818;1,1304;-0,6503;15,238
3,178738;14,3608;1,2358;1,28;14,471
3,183555;13,5995;1,2767;4,0388;14,244
3,187792;12,8669;1,0853;7,4491;14,907
3,193604;12,6004;0,5369;11,1137;16,81
3,197065;13,042;-0,2726;14,8218;19,745
3,202098;13,6075;-0,9613;18,4433;22,94
3,206003;13,8089;-1,4105;21,6946;25,755
3,211481;13,5865;-1,9976;24,5026;28,088
3,215787;12,7554;-2,5782;26,6075;29,619
3,220547;11,0874;-3,1037;28,1658;30,428
3,225839;8,5383;-3,8044;29,3678;30,82
3,230127;5,3608;-4,5677;30,3333;31,14
3,234414;1,9068;-5,2249;31,0212;31,516
3,239266;-1,6677;-5,6752;31,382;31,935
3,243594;-4,9483;-6,0908;31,1896;32,162
3,248679;-7,7398;-6,6191;30,2324;31,902
3,253131;-9,9954;-7,0659;28,0542;30,608
3,258064;-11,358;-7,1583;24,5665;27,996
3,262629;-12,4676;-6,7739;19,8857;24,429
3,267215;-12,7915;-6,0311;14,0704;19,949
3,271689;-12,7574;-4,9464;7,5416;15,624
3,276675;-11,9405;-3,5981;0,9486;12,507
3,281174;-10,4177;-2,3089;-5,0276;11,796
3,285705;-9,1691;-1,0581;-10,0416;13,639
3,290831;-8,3844;0,0841;-14,4756;16,729
3,29543;-8,0774;0,908;-18,0901;19,832
3,299832;-8,2063;1,1733;-20,6159;22,22
3,305982;-8,5932;0,8665;-21,5343;23,202
3,312783;-9,1249;-0,0293;-20,7078;22,629
3,314186;-9,8432;-1,2838;-19,4317;21,82
3,318401;-10,9676;-2,6678;-17,2927;20,65
3,32327;-12,5119;-3,9669;-14,8768;19,839
3,327981;-14,1885;-5,1921;-12,2632;19,459
3,332594;-15,1598;-6,0726;-9,1963;18,742
3,337314;-15,8881;-6,5344;-6,0145;18,202
3,342165;-16,1643;-6,5736;-3,3529;17,769
3,346649;-15,8782;-6,3426;-1,6222;17,175
3,351397;-15,1047;-5,8621;-0,8506;16,225
3,355929;-14,5111;-5,1507;-0,9522;15,427
3,360749;-14,5301;-4,0199;-1,5444;15,155
3,365294;-14,9254;-2,6391;-2,4409;15,352
3,370174;-15,3168;-1,2679;-3,5038;15,764
3,376255;-15,3488;0,1781;-4,6574;16,041
3,379408;-14,8388;1,4906;-5,778;15,994
3,38408;-14,078;2,6955;-6,8995;15,908
3,38902;-13,3804;3,8088;-7,8458;15,972
3,393613;-12,7772;4,922;-8,4842;16,108
3,398497;-12,1895;5,9255;-8,9493;16,242
3,403953;-11,8737;6,8726;-9,524;16,701
3,407488;-12,465;7,7214;-10,2844;17,91
3,41192;-13,7212;8,5208;-10,9473;19,512
3,416727;-15,2975;9,4669;-10,9806;21,076
3,421359;-16,8753;10,4432;-10,1101;22,272
3,426376;-18,3237;11,294;-8,3826;23,099
3,430797;-19,576;11,9203;-5,9791;23,687
3,435227;-20,6728;12,3383;-3,0957;24,273
3,440333;-21,7478;12,6176;-0,0055;25,143
3,44462;-22,3543;12,9525;3,2526;26,04
3,449483;-22,1055;13,3938;6,821;26,732
3,454062;-21,603;13,7629;10,2778;27,6
3,458878;-21,4524;13,859;13,1296;28,717
3,463776;-21,3825;13,7645;15,8264;29,952
3,468078;-21,406;13,5281;18,1869;31,177
3,472862;-21,4027;12,9979;20,4223;32,312
3,477744;-21,4071;12,2855;22,5716;33,447
3,482176;-21,3924;11,5542;24,808;34,736
3,486824;-20,9713;10,7801;27,2619;36,045
3,492437;-19,9768;9,9666;30,1784;37,539
3,496392;-18,1033;8,9923;33,4105;39,049
3,500929;-15,68;7,9609;36,5627;40,572
3,505737;-13,479;6,7565;39,4977;42,278
3,511508;-11,3919;4,9627;42,3128;44,1
3,514683;-8,9659;2,4539;45,2634;46,208
3,519642;-6,0063;-0,432;48,1559;48,531
3,523613;-2,676;-3,7636;50,3814;50,593
3,528793;0,5965;-7,4817;50,8957;51,446
3,533436;3,624;-10,7489;48,9453;50,243
3,538195;6,5174;-13,218;44,966;47,319
3,542832;9,7045;-14,9794;39,3906;43,246
3,547702;12,7721;-16,0075;32,8732;38,73
3,552219;16,4457;-16,5272;26,2143;35,083
3,557424;19,4324;-16,4884;20,1221;32,471
3,565301;20,9494;-16,2885;15,1323;30,548
3,566215;22,4983;-16,5427;11,1895;30,084
3,570821;21,8955;-16,9798;8,7197;29,048
3,575881;20,5452;-17,5138;7,7126;28,077
3,580608;17,7572;-18,2316;7,3673;26,495
3,584966;14,4488;-19,4104;6,7028;25,109
3,589587;11,0143;-20,9247;5,6185;24,305
3,594384;7,9917;-22,3144;4,2863;24,087
3,59902;5,4654;-23,43;2,92;24,236
3,603193;3,6117;-24,2085;1,6856;24,534
3,608192;2,7089;-24,5765;0,437;24,729
3,613471;2,7656;-24,5177;-0,9531;24,692
3,617715;3,3374;-24,091;-2,7229;24,473
3,622266;3,7987;-23,4545;-5,0826;24,298
3,626913;3,9254;-22,6735;-8,0333;24,373
3,631576;3,9095;-21,8267;-11,1804;24,833
3,636122;4,0394;-20,9638;-14,0389;25,552
3,642195;4,1776;-20,226;-16,2674;26,29
3,645868;4,0859;-19,6215;-17,6048;26,676
3,650581;3,9512;-19,1837;-18,0952;26,666
3,655042;4,1083;-18,7127;-17,4134;25,89
3,659796;4,7629;-18,1722;-16,534;25,026
3,664542;5,7621;-17,5985;-14,9286;23,786
3,669109;6,8775;-16,9758;-13,121;22,531
3,674216;7,9179;-16,25;-11,2995;21,318
3,678217;9,0121;-15,4962;-9,4473;20,263
3,68284;9,8443;-14,855;-8,0547;19,557
3,687825;10,5141;-14,3895;-7,6368;19,389
3,692678;11,5322;-14,0751;-8,1212;19,926
3,697513;12,5481;-13,6037;-9,279;20,703
3,701866;13,4173;-12,8342;-10,906;21,533
3,706602;14,1819;-11,9833;-12,7991;22,551
3,711531;15,2201;-11,1335;-14,6403;23,874
3,715649;16,3132;-10,3343;-16,1266;25,159
3,720372;17,2534;-9,7074;-17,1837;26,214
3,72529;17,9764;-9,3602;-17,8138;26,983
3,729965;18,71;-9,3626;-17,7798;27,456
3,734421;19,5779;-9,5605;-17,0492;27,665
3,739278;19,9961;-9,8968;-15,7137;27,289
3,744032;19,8388;-10,5532;-14,1173;26,538
3,748652;19,1503;-11,3535;-12,3118;25,44
3,753083;17,9449;-12,0414;-10,104;23,856
3,75777;16,7081;-12,5249;-7,7061;22,258
3,762652;15,6458;-12,8418;-5,3391;20,933
3,767046;14,8768;-12,9491;-3,1189;19,968
3,771758;14,5482;-12,9327;-1,2622;19,506
3,776424;14,7017;-12,8113;0,2868;19,503
3,781427;15,1449;-12,4926;1,4156;19,683
3,786048;15,4247;-12,1032;2,1924;19,729
3,790822;15,3925;-11,8252;2,3929;19,557
3,795221;15,5194;-11,7526;2,0309;19,573
3,799926;16,0816;-11,6967;1,3062;19,928
3,805819;16,6863;-11,5119;0,6048;20,281
3,81197;17,2567;-11,2148;-0,1328;20,581
3,814288;17,6049;-10,8979;-0,9851;20,728
3,818599;17,5299;-10,5331;-2,1556;20,564
3,82346;17,2124;-10,1349;-3,5085;20,28
3,827904;16,7636;-9,7333;-4,4529;19,889
3,832493;15,7692;-9,3885;-3,9808;18,779
3,837233;14,1048;-9,0964;-1,8531;16,886
3,841749;12,7299;-9,0698;1,683;15,721
3,847241;11,9533;-9,2315;6,348;16,383
3,851456;11,6261;-9,3896;11,4083;18,801
3,856271;11,3044;-9,5505;16,0921;21,862
3,860837;11,0212;-9,6844;20,2668;25,02
3,865302;10,7047;-9,5361;24,4341;28,329
3,86996;10,367;-9,3059;29,1256;32,286
3,875395;9,9924;-9,6318;34,2386;36,945
3,879378;8,9745;-10,8659;38,7368;41,221
3,883938;6,6488;-12,6621;41,4905;43,886
3,888721;2,3863;-13,894;42,1133;44,41
3,89347;-3,5179;-13,7214;40,8997;43,283
3,898103;-10,2322;-12,0582;38,2194;41,362
3,902707;-17,246;-9,1944;35,1009;40,175
3,908212;-22,3692;-6,0077;32,1004;39,584
3,912314;-25,3544;-3,353;29,401;38,968
3,916677;-25,2583;-1,6031;27,0826;37,068
3,921195;-24,2706;-0,2371;24,9649;34,819
3,925509;-22,6815;1,3619;22,7438;32,149
3,93097;-22,7151;3,2812;20,3694;30,686
3,935505;-21,5088;4,9157;17,7687;28,329
3,941233;-19,6186;6,4199;15,2927;25,69
3,944798;-18,2433;7,6031;12,9609;23,635
3,949315;-16,2389;8,0688;10,7499;21,08
3,95413;-14,3655;8,1703;8,7275;18,689
3,958285;-12,9534;8,1267;6,4837;16,609
3,96362;-12,1531;8,0959;4,0215;15,146
3,968237;-12,192;7,8016;1,2675;14,53
3,972472;-12,8682;7,3221;-1,6644;14,899
3,977499;-14,1079;6,8119;-4,2606;16,235
3,982109;-15,4179;6,5825;-6,0405;17,819
3,986873;-16,4536;6,5424;-7,2981;19,152
3,991533;-17,43;6,4171;-7,9393;20,199
3,996466;-18,3149;6,2038;-7,7685;20,839
4,000775;-19,0809;6,2299;-7,2122;21,329
4,005244;-19,7422;6,5454;-6,554;21,807
4,011154;-19,7566;6,8846;-5,9496;21,751
4,014964;-18,9854;7,2409;-5,638;21,087
4,019447;-17,7319;7,5843;-5,7353;20,12
4,024198;-16,2938;8,1732;-6,4774;19,345
4,028827;-15,594;9,0239;-7,4845;19,51
4,033357;-15,93;9,5948;-8,7015;20,531
4,038445;-16,9651;9,7424;-10,0297;21,985
4,043221;-18,819;9,8587;-11,3168;24,071
4,047799;-21,2543;9,9431;-12,262;26,476
4,052046;-23,4853;9,9277;-12,2583;28,291
4,057322;-25,6727;9,6943;-11,0338;29,577
4,062614;-27,2105;9,2044;-8,7901;30,04
4,066255;-27,5967;8,6618;-5,925;29,525
4,070704;-27,089;8,139;-2,5678;28,402
4,075655;-26,0447;7,593;1,2056;27,156
4,080169;-24,3288;6,9698;5,2818;25,853
4,084485;-22,1567;6,3633;9,606;24,974
4,089573;-20,609;5,974;13,1766;25,18
4,094431;-20,0422;5,4175;15,3118;25,797
4,098938;-20,2104;4,7246;15,9555;26,179
4,103695;-21,0554;4,4837;15,6144;26,594
4,111215;-22,051;4,8199;14,9138;27,054
4,112959;-22,7716;5,3034;14,382;27,45
4,117623;-22,5947;5,7418;14,7241;27,573
4,122266;-21,6728;6,3131;16,2056;27,788
4,126807;-20,2882;6,8875;18,6248;28,389
4,13191;-18,3995;7,2906;21,9587;29,561
4,136548;-16,3451;7,3811;25,7166;31,353
4,141799;-14,6089;7,0559;29,8636;33,986
4,145819;-13,1685;6,2173;33,958;36,949
4,150401;-11,7477;4,6921;37,7584;39,821
4,155158;-9,9919;2,4903;40,9221;42,198
4,159723;-7,6309;-0,0177;43,0619;43,733
4,16427;-4,4788;-2,4461;44,2054;44,499
4,168994;-0,7833;-4,3322;44,5657;44,783
4,173838;3,9555;-5,865;44,6809;45,237
4,178568;9,9667;-7,3546;44,6879;46,373
4,183226;15,9981;-8,8771;44,2553;47,888
4,1878;20,9513;-10,1872;42,9367;48,85
4,193032;23,5028;-10,986;40,773;48,327
4,197292;24,3838;-11,6286;37,7614;46,43
4,201887;24,728;-12,0555;35,2239;44,694
4,206262;23,5693;-12,6588;33,2498;42,677
4,21096;23,3862;-14,3872;31,9119;42,098
4,215607;22,8239;-16,7745;30,7109;41,779
4,220524;21,6604;-19,1362;29,0922;41,009
4,226736;19,7193;-20,9171;26,7692;39,281
4,229871;17,6495;-22,0209;23,7564;36,889
4,234331;15,7584;-22,4075;20,067;33,957
4,23897;14,4251;-22,4466;15,7222;30,97
4,243785;13,633;-22,3431;10,8513;28,334
4,248427;13,508;-22,0712;5,7684;26,512
4,253143;13,6492;-21,5472;0,7624;25,518
4,258285;13,9264;-20,8591;-4,127;25,418
4,262719;14,1191;-19,9753;-8,4633;25,884
4,267454;14,1875;-18,9319;-12,0828;26,565
4,271855;14,2824;-17,9662;-14,9838;27,41
4,276706;14,2186;-16,7334;-16,8765;27,695
4,281213;13,9676;-15,4111;-17,9007;27,441
4,285889;14,7055;-15,5666;-19,4587;28,935
4,290759;15,3622;-15,8837;-20,2691;29,985
4,295506;16,1364;-15,7939;-21,1213;30,918
4,299829;16,781;-15,4228;-21,2307;31,148
4,306036;17,3395;-14,7247;-20,7975;30,822
4,310788;17,7021;-13,9595;-20,189;30,263
4,31402;17,5777;-13,2192;-19,6956;29,524
4,318659;17,0335;-12,6815;-19,4121;28,771
4,322842;16,4087;-12,1746;-19,2945;28,102
4,327948;16,0082;-11,6466;-19,227;27,597
4,332503;16,1653;-11,0124;-19,0891;27,331
4,336964;16,8555;-10,278;-18,9754;27,383
4,341745;17,6009;-9,3729;-18,885;27,464
4,346448;18,0005;-8,4695;-19,114;27,588
4,351025;17,9257;-7,476;-19,7683;27,713
4,355905;17,6349;-6,6057;-20,5956;27,907
4,360752;17,5733;-6,0709;-21,6648;28,549
4,365458;17,6943;-5,9068;-22,7154;29,393
4,370131;17,6795;-5,9623;-23,6014;30,086
4,375248;17,3443;-6,0718;-24,3444;30,502
4,379872;16,5463;-6,3754;-24,751;30,447
4,384059;15,5734;-6,8173;-24,5698;29,878
4,388743;14,6284;-7,2725;-23,4284;28,562
4,39363;13,8992;-7,6375;-21,0145;26,327
4,398115;13,2472;-7,6106;-17,6025;23,308
4,402359;12,5652;-7,1549;-13,7378;19,945
4,406992;11,9881;-6,3252;-9,7116;16,674
4,41234;11,5169;-5,1334;-5,9974;13,963
4,416764;11,3252;-3,6769;-2,7919;12,23
4,421426;11,193;-2,2342;-0,0343;11,414
4,427404;11,0558;-0,7379;1,9528;11,251
4,430809;11,2613;0,6285;2,7213;11,602
4,435451;11,5767;1,4653;2,6823;11,973
4,439593;11,9935;1,6677;2,0297;12,278
4,444682;12,1472;1,2577;1,2333;12,274
4,449537;11,6152;0,5792;0,6131;11,646
4,454157;10,452;-0,0253;1,2055;10,521
4,459188;8,7206;-0,4838;3,1389;9,281
4,463799;6,8786;-0,7567;6,6868;9,623
4,468129;5,3433;-0,9474;11,8859;13,066
4,472773;3,8828;-1,1671;17,7425;18,2
4,477933;2,3967;-1,8724;23,2748;23,473
4,482276;1,4024;-3,2994;27,2925;27,527
4,486711;0,0835;-4,945;28,9833;29,402
4,492078;-1,7581;-6,2558;28,2183;28,957
4,496499;-4,3401;-6,8625;26,1963;27,426
4,501104;-7,4346;-6,7525;23,8312;25,861
4,505864;-10,6986;-6,409;21,5805;24,925
4,510411;-13,4575;-6,0711;19,8003;24,698
4,514734;-15,1997;-6,0463;18,6507;24,808
4,519884;-15,3197;-6,2954;18,0245;24,479
4,52468;-14,1728;-6,4708;17,9971;23,804
4,528872;-12,2462;-6,4319;18,0803;22,765
4,533491;-10,2761;-6,2005;18,0973;21,715
4,538184;-8,0196;-6,3478;18,1532;20,836
4,542811;-5,8527;-6,8038;18,5066;20,568
4,547719;-4,3157;-6,9975;18,8903;20,602
4,552211;-3,5769;-6,8359;18,7894;20,312
4,557105;-3,3948;-6,173;18,067;19,392
4,561272;-3,4825;-5,1574;16,314;17,461
4,566405;-3,592;-3,8591;13,4554;14,451
4,570933;-3,4553;-2,4766;9,985;10,852
4,575699;-3,0739;-1,2891;6,3044;7,131
4,580533;-2,6775;-0,3074;2,7186;3,828
4,585134;-2,2453;0,4299;-0,5499;2,351
4,589678;-1,8733;0,8615;-3,7628;4,291
4,594388;-1,6451;0,8979;-6,7094;6,966
4,598826;-1,2562;0,4337;-9,0643;9,161
4,603328;-0,5087;-0,2704;-10,6257;10,641
4,609165;0,3616;-1,1514;-11,6254;11,688
4,613316;1,12;-2,0186;-12,0254;12,245
4,617786;1,6437;-2,7691;-11,7912;12,223
4,622335;1,6811;-3,1863;-10,9779;11,554
4,627382;1,0007;-3,1114;-9,8945;10,42
4,6316;-0,5998;-2,835;-8,4336;8,918
4,635959;-2,6703;-2,4465;-6,7076;7,623
4,641683;-4,5783;-2,2169;-5,0914;7,197
4,645182;-6,2025;-2,1877;-3,5058;7,453
4,650544;-7,4229;-2,2043;-2,0878;8,02
4,655229;-8,1122;-2,2024;-1,0037;8,466
4,660021;-8,3439;-2,2938;0,1681;8,655
4,664346;-8,1476;-2,4218;0,9448;8,552
4,66903;-7,4316;-2,5476;1,3166;7,966
4,67405;-6,5227;-2,4724;1,1678;7,073
4,678717;-5,5295;-2,327;0,5493;6,024
4,683198;-4,8134;-2,0795;-0,2438;5,249
4,688009;-4,2732;-1,943;-0,8259;4,766
4,692508;-3,8442;-1,749;-1,1453;4,376
4,697346;-3,7226;-1,5786;-1,1785;4,212
4,701828;-3,9242;-1,4567;-0,8293;4,267
4,706895;-4,5713;-1,624;-0,5036;4,877
4,711148;-5,9335;-1,8854;-0,2432;6,231
4,715718;-7,6061;-1,984;0,0961;7,861
4,720454;-9,1082;-1,9065;0,5292;9,321
4,727037;-10,3804;-1,95;0,875;10,598
4,729924;-11,4633;-2,167;0,8902;11,7
4,734397;-11,8326;-2,3805;0,9576;12,108
4,738934;-11,3899;-2,4899;1,1873;11,719
4,743816;-10,2225;-2,5435;1,5269;10,644
4,748483;-8,7323;-2,4789;1,7708;9,248
4,75312;-7,1658;-2,3627;1,8951;7,78
4,758322;-5,5913;-2,0599;2,0046;6,287
4,762768;-3,9427;-1,5885;1,7685;4,604
4,767478;-2,4032;-1,0132;1,2861;2,908
4,771844;-1,1364;-0,3744;0,6225;1,349
4,776522;-0,0468;0,2969;-0,0185;0,301
4,781254;0,8164;0,9063;-0,5477;1,337
4,785758;1,4802;1,5112;-0,7459;2,243
4,790338;1,6394;2,144;-0,9093;2,848
4,794857;1,0911;2,7323;-1,2667;3,203
4,799657;0,1563;2,9268;-1,994;3,545
4,805676;-1,1957;2,7432;-3,1145;4,319
4,808932;-2,5048;2,3799;-4,5666;5,726
4,813856;-3,1193;2,2702;-5,9647;7,104
4,818458;-2,8445;2,674;-6,6605;7,72
4,823764;-2,0415;3,2485;-6,9149;7,908
4,827893;-1,1383;3,5223;-6,9597;7,883
4,832276;-0,4047;3,4643;-6,6681;7,525
4,837055;0,0202;3,3114;-6,0907;6,933
4,841995;0,5753;2,7582;-4,6024;5,396
4,8466;1,5398;2,2314;0,3938;2,74
4,851366;2,4399;1,5379;2,242;3,653
4,856051;3,6375;0,2486;5,0786;6,252
4,860756;3,6782;-0,8119;7,6151;8,496
4,865331;3,3794;-1,8002;10,118;10,818
4,8699;3,3481;-2,9019;12,4239;13,19
4,875193;3,5123;-4,2934;15,4591;16,424
4,879517;4,215;-5,8053;17,2652;18,696
4,883751;5,1374;-6,7428;17,4004;19,355
4,88864;4,9845;-6,7374;16,2981;18,327
4,893561;4,0661;-6,3389;14,6634;16,484
4,898033;3,4304;-6,1042;12,4732;14,304
4,902642;3,183;-6,1188;10,0908;12,223
4,907867;2,8452;-6,5917;6,8274;9,908
4,912049;2,9202;-6,9701;4,6763;8,887
4,91672;2,7065;-7,0254;3,3483;8,24
4,921556;2,115;-6,6726;2,4725;7,424
4,926744;1,3912;-6,0419;1,5298;6,386
4,930722;0,8149;-5,3597;0,2264;5,426
4,935511;0,5078;-4,7766;-1,3289;4,984
4,940179;0,3693;-3,9289;-2,3715;4,604
4,944868;0,7492;-3,8346;-3,4183;5,191
4,949443;1,0279;-3,8281;-4,1586;5,745
4,954168;1,2447;-3,785;-4,6693;6,138
4,958928;1,4951;-3,7614;-5,066;6,484
4,963603;1,7653;-3,6836;-5,4748;6,831
4,967769;1,8827;-3,6548;-5,7731;7,087
4,972677;1,771;-3,7023;-6,1683;7,409
4,977874;1,4463;-3,7961;-6,6522;7,794
4,982284;0,9658;-3,816;-7,2779;8,274
4,986861;0,4562;-3,7193;-7,7918;8,646
4,991693;0,021;-3,5163;-8,1167;8,846
4,996474;-0,3565;-3,2228;-8,1751;8,795
5,00077;-0,9141;-2,7492;-7,8996;8,414
5,005563;-1,691;-2,1208;-7,2227;7,715
5,010946;-2,5086;-1,5639;-6,1539;6,827
5,015434;-3,1512;-1,2185;-4,8463;5,908
5,019408;-3,3532;-1,2094;-3,553;5,033
5,028884;-2,9416;-1,4269;-2,3927;4,051
5,029612;-2,0193;-1,7999;-1,3498;3,023
5,033178;-0,7174;-2,2385;-0,3752;2,38
5,037812;0,5215;-2,6437;0,5946;2,759
5,042632;1,6175;-2,9979;1,4601;3,706
5,048132;2,4572;-3,2359;2,1411;4,593
5,052105;3,0391;-3,3686;2,4284;5,146
5,056839;2,9713;-3,7005;3,5861;5,948
5,061533;2,5088;-3,4506;4,5727;6,254
5,06628;3,2463;-3,0935;3,9934;6,005
5,070722;3,4157;-2,6789;4,7566;6,44
5,075971;3,0611;-2,0499;5,6707;6,762
5,080039;3,2198;-1,68;6,1565;7,148
5,084801;3,7241;-1,5629;6,0608;7,283
5,089461;4,0294;-1,5627;5,5602;7,042
5,094167;4,3999;-1,5574;4,7781;6,679
5,098866;5,1862;-1,4972;4,2442;6,867
5,103702;4,5226;-1,6015;4,1778;6,362
5,10944;3,9694;-1,6064;3,7178;5,671
5,113041;3,3936;-1,5112;3,3661;5,013
5,117492;2,6387;-1,2487;3,3092;4,413
5,122423;2,0996;-1,0054;3,4563;4,167
5,126963;1,9521;-0,9491;3,5928;4,198
5,131851;2,6388;-1,0642;3,2649;4,331
5,136344;4,2108;-1,5815;2,3615;5,08
5,143218;5,483;-1,9996;1,5499;6,039
5,146018;5,6251;-1,9233;0,9566;6,021
5,150468;4,8662;-1,346;0,4502;5,069
5,154648;3,748;-0,2566;-0,2672;3,766
5,159508;2,4189;0,9401;-1,1397;2,834
5,164377;0,8662;1,8642;-1,8541;2,768
5,169189;-1,5415;2,4028;-1,9441;3,454
5,173757;-4,7179;2,657;-1,0772;5,521
5,178523;-7,6747;2,7746;0,0956;8,161
5,183193;-9,0958;2,511;1,4078;9,54
5,18773;-8,1469;1,6161;3,7412;9,109
5,192462;-6,3222;0,3307;6,7018;9,219
5,197157;-4,7736;-1,0318;7,1185;8,633
5,202233;-2,2855;-1,3861;12,4558;12,739
5,206768;-0,4648;-0,8775;16,5809;16,611
5,211209;2,0253;0,3513;18,6828;18,796
5,215775;4,1758;1,444;19,4454;19,941
5,220105;4,967;2,109;18,6405;19,406
5,2295;4,6298;2,1984;15,7844;16,596
5,230005;3,5772;1,8729;11,3486;12,046
5,236658;2,5339;1,4328;6,6735;7,281
5,238725;2,0424;1,0377;2,2764;3,23
5,269486;2,118;0,7261;-1,4878;2,688
5,270255;2,4525;0,6159;-4,3977;5,073
5,270556;2,8876;0,7765;-6,5996;7,245
5,270838;3,2946;0,9936;-7,9662;8,678
5,27125;3,426;0,9566;-8,4219;9,142
5,271609;3,2125;0,6746;-8,1202;8,759
5,27198;2,4132;0,2136;-7,6677;8,041
5,276243;1,2861;-0,6755;-7,6802;7,816
5,280919;0,1836;-1,9587;-8,3235;8,553
5,285631;-0,1271;-2,6378;-8,3105;8,72
